adaugareUniversitate,2020-04-30 22:06:22
adaugareUniversitate,2020-04-30 22:06:22
adaugareUniversitate,2020-04-30 22:06:22
getUniversitate,2020-04-30 22:06:22
adaugareFacultate,2020-04-30 22:06:22
getUniversitate,2020-04-30 22:06:22
adaugareFacultate,2020-04-30 22:06:22
getUniversitate,2020-04-30 22:06:22
getFacultate,2020-04-30 22:06:22
adaugareSpecializare,2020-04-30 22:06:22
getUniversitate,2020-04-30 22:06:22
getFacultate,2020-04-30 22:06:22
adaugareSpecializare,2020-04-30 22:06:22
getUniversitate,2020-04-30 22:06:22
getFacultate,2020-04-30 22:06:22
adaugareSpecializare,2020-04-30 22:06:22
getUniversitate,2020-04-30 22:06:22
getFacultate,2020-04-30 22:06:22
getSpecializare,2020-04-30 22:06:22
adaugareCandidat,2020-04-30 22:06:22
getUniversitate,2020-04-30 22:06:22
getFacultate,2020-04-30 22:06:22
getSpecializare,2020-04-30 22:06:22
adaugareCandidat,2020-04-30 22:06:22
getUniversitate,2020-04-30 22:06:22
getFacultate,2020-04-30 22:06:22
getSpecializare,2020-04-30 22:06:22
adaugareCandidat,2020-04-30 22:06:22
getUniversitate,2020-04-30 22:06:22
getFacultate,2020-04-30 22:06:22
getSpecializare,2020-04-30 22:06:22
adaugareCandidat,2020-04-30 22:06:22
getUniversitate,2020-04-30 22:06:22
getFacultate,2020-04-30 22:06:22
getSpecializare,2020-04-30 22:06:22
adaugareCandidat,2020-04-30 22:06:22
getUniversitate,2020-04-30 22:06:22
getFacultate,2020-04-30 22:06:22
getSpecializare,2020-04-30 22:06:22
adaugareCandidat,2020-04-30 22:06:22
getUniversitate,2020-04-30 22:06:22
getFacultate,2020-04-30 22:06:22
getSpecializare,2020-04-30 22:06:22
adaugareCandidat,2020-04-30 22:06:22
afisareUniversitati,2020-04-30 22:06:22
adaugareUniversitate,2020-04-30 22:06:23
getUniversitate,2020-04-30 22:06:23
afisareFacultati,2020-04-30 22:06:23
adaugareFacultate,2020-04-30 22:06:23
getFacultate,2020-04-30 22:06:23
afisareSpecializari,2020-04-30 22:06:23
adaugareSpecializare,2020-04-30 22:06:23
getSpecializare,2020-04-30 22:06:23
afisareCandidatiIF,2020-04-30 22:06:23
adaugareCandidat,2020-04-30 22:06:23
getSpecializare,2020-04-30 22:06:23
afisareCandidatiID,2020-04-30 22:06:23
adaugareCandidat,2020-04-30 22:06:23
getSpecializare,2020-04-30 22:06:23
afisareCandidati2FAC,2020-04-30 22:06:23
adaugareCandidat,2020-04-30 22:06:23
getListaUniversitati,2020-04-30 22:06:23
getListaUniversitati,2020-04-30 22:06:23
getListaFacultati,2020-04-30 22:06:23
getListaFacultati,2020-04-30 22:06:23
getListaFacultati,2020-04-30 22:06:23
getListaFacultati,2020-04-30 22:06:23
getListaUniversitati,2020-04-30 22:06:23
getListaFacultati,2020-04-30 22:06:23
getListaSpecializari,2020-04-30 22:06:23
getListaSpecializari,2020-04-30 22:06:23
getListaFacultati,2020-04-30 22:06:23
getListaSpecializari,2020-04-30 22:06:23
getListaFacultati,2020-04-30 22:06:23
getListaFacultati,2020-04-30 22:06:23
getListaUniversitati,2020-04-30 22:06:23
getListaFacultati,2020-04-30 22:06:23
getListaSpecializari,2020-04-30 22:06:23
getListaCandidatiIF,2020-04-30 22:06:23
getListaCandidatiIF,2020-04-30 22:06:23
getListaCandidatiIF,2020-04-30 22:06:23
getListaSpecializari,2020-04-30 22:06:23
getListaFacultati,2020-04-30 22:06:23
getListaSpecializari,2020-04-30 22:06:23
getListaCandidatiIF,2020-04-30 22:06:23
getListaFacultati,2020-04-30 22:06:23
getListaFacultati,2020-04-30 22:06:23
getListaUniversitati,2020-04-30 22:06:23
getListaFacultati,2020-04-30 22:06:23
getListaSpecializari,2020-04-30 22:06:23
getListaCandidatiID,2020-04-30 22:06:23
getListaCandidatiID,2020-04-30 22:06:23
getListaCandidatiID,2020-04-30 22:06:23
getListaSpecializari,2020-04-30 22:06:23
getListaFacultati,2020-04-30 22:06:23
getListaSpecializari,2020-04-30 22:06:23
getListaCandidatiID,2020-04-30 22:06:23
getListaFacultati,2020-04-30 22:06:23
getListaFacultati,2020-04-30 22:06:23
getListaUniversitati,2020-04-30 22:06:23
getListaFacultati,2020-04-30 22:06:23
getListaSpecializari,2020-04-30 22:06:23
gedListaCandidati2FAC,2020-04-30 22:06:23
gedListaCandidati2FAC,2020-04-30 22:06:23
gedListaCandidati2FAC,2020-04-30 22:06:23
getListaSpecializari,2020-04-30 22:06:23
getListaFacultati,2020-04-30 22:06:23
getListaSpecializari,2020-04-30 22:06:23
gedListaCandidati2FAC,2020-04-30 22:06:23
getListaFacultati,2020-04-30 22:06:23
getListaFacultati,2020-04-30 22:06:23
