adaugareUniversitate,2020-04-30 22:28:26
adaugareUniversitate,2020-04-30 22:28:26
adaugareUniversitate,2020-04-30 22:28:26
adaugareUniversitate,2020-04-30 22:28:26
getUniversitate,2020-04-30 22:28:26
adaugareFacultate,2020-04-30 22:28:26
getUniversitate,2020-04-30 22:28:26
adaugareFacultate,2020-04-30 22:28:26
getUniversitate,2020-04-30 22:28:26
getFacultate,2020-04-30 22:28:26
adaugareSpecializare,2020-04-30 22:28:26
getUniversitate,2020-04-30 22:28:26
getFacultate,2020-04-30 22:28:26
adaugareSpecializare,2020-04-30 22:28:26
getUniversitate,2020-04-30 22:28:26
getFacultate,2020-04-30 22:28:26
adaugareSpecializare,2020-04-30 22:28:26
getUniversitate,2020-04-30 22:28:26
getFacultate,2020-04-30 22:28:26
getSpecializare,2020-04-30 22:28:26
adaugareCandidat,2020-04-30 22:28:26
getUniversitate,2020-04-30 22:28:26
getFacultate,2020-04-30 22:28:26
getSpecializare,2020-04-30 22:28:26
adaugareCandidat,2020-04-30 22:28:26
getUniversitate,2020-04-30 22:28:26
getFacultate,2020-04-30 22:28:26
getSpecializare,2020-04-30 22:28:26
adaugareCandidat,2020-04-30 22:28:26
getUniversitate,2020-04-30 22:28:26
getFacultate,2020-04-30 22:28:26
getSpecializare,2020-04-30 22:28:26
adaugareCandidat,2020-04-30 22:28:26
getUniversitate,2020-04-30 22:28:26
getFacultate,2020-04-30 22:28:26
getSpecializare,2020-04-30 22:28:26
adaugareCandidat,2020-04-30 22:28:26
getUniversitate,2020-04-30 22:28:26
getFacultate,2020-04-30 22:28:26
getSpecializare,2020-04-30 22:28:26
adaugareCandidat,2020-04-30 22:28:26
getUniversitate,2020-04-30 22:28:26
getFacultate,2020-04-30 22:28:26
getSpecializare,2020-04-30 22:28:26
adaugareCandidat,2020-04-30 22:28:26
afisareUniversitati,2020-04-30 22:28:26
adaugareUniversitate,2020-04-30 22:28:26
getUniversitate,2020-04-30 22:28:26
afisareFacultati,2020-04-30 22:28:26
adaugareFacultate,2020-04-30 22:28:26
getFacultate,2020-04-30 22:28:26
afisareSpecializari,2020-04-30 22:28:26
adaugareSpecializare,2020-04-30 22:28:26
getSpecializare,2020-04-30 22:28:26
afisareCandidatiIF,2020-04-30 22:28:26
adaugareCandidat,2020-04-30 22:28:26
getSpecializare,2020-04-30 22:28:26
afisareCandidatiID,2020-04-30 22:28:26
adaugareCandidat,2020-04-30 22:28:26
getSpecializare,2020-04-30 22:28:26
afisareCandidati2FAC,2020-04-30 22:28:26
adaugareCandidat,2020-04-30 22:28:26
getListaUniversitati,2020-04-30 22:28:26
getListaUniversitati,2020-04-30 22:28:26
getListaFacultati,2020-04-30 22:28:26
getListaFacultati,2020-04-30 22:28:26
getListaFacultati,2020-04-30 22:28:26
getListaFacultati,2020-04-30 22:28:26
getListaFacultati,2020-04-30 22:28:27
getListaUniversitati,2020-04-30 22:28:27
getListaFacultati,2020-04-30 22:28:27
getListaSpecializari,2020-04-30 22:28:27
getListaSpecializari,2020-04-30 22:28:27
getListaFacultati,2020-04-30 22:28:27
getListaSpecializari,2020-04-30 22:28:27
getListaFacultati,2020-04-30 22:28:27
getListaFacultati,2020-04-30 22:28:27
getListaFacultati,2020-04-30 22:28:27
getListaUniversitati,2020-04-30 22:28:27
getListaFacultati,2020-04-30 22:28:27
getListaSpecializari,2020-04-30 22:28:27
getListaCandidatiIF,2020-04-30 22:28:27
getListaCandidatiIF,2020-04-30 22:28:27
getListaCandidatiIF,2020-04-30 22:28:27
getListaSpecializari,2020-04-30 22:28:27
getListaFacultati,2020-04-30 22:28:27
getListaSpecializari,2020-04-30 22:28:27
getListaCandidatiIF,2020-04-30 22:28:27
getListaFacultati,2020-04-30 22:28:27
getListaFacultati,2020-04-30 22:28:27
getListaFacultati,2020-04-30 22:28:27
getListaUniversitati,2020-04-30 22:28:27
getListaFacultati,2020-04-30 22:28:27
getListaSpecializari,2020-04-30 22:28:27
getListaCandidatiID,2020-04-30 22:28:27
getListaCandidatiID,2020-04-30 22:28:27
getListaCandidatiID,2020-04-30 22:28:27
getListaSpecializari,2020-04-30 22:28:27
getListaFacultati,2020-04-30 22:28:27
getListaSpecializari,2020-04-30 22:28:27
getListaCandidatiID,2020-04-30 22:28:27
getListaFacultati,2020-04-30 22:28:27
getListaFacultati,2020-04-30 22:28:27
getListaFacultati,2020-04-30 22:28:27
getListaUniversitati,2020-04-30 22:28:27
getListaFacultati,2020-04-30 22:28:27
getListaSpecializari,2020-04-30 22:28:27
gedListaCandidati2FAC,2020-04-30 22:28:27
gedListaCandidati2FAC,2020-04-30 22:28:27
gedListaCandidati2FAC,2020-04-30 22:28:27
getListaSpecializari,2020-04-30 22:28:27
getListaFacultati,2020-04-30 22:28:27
getListaSpecializari,2020-04-30 22:28:27
gedListaCandidati2FAC,2020-04-30 22:28:27
getListaFacultati,2020-04-30 22:28:27
getListaFacultati,2020-04-30 22:28:27
getListaFacultati,2020-04-30 22:28:27
adaugareUniversitate,2020-04-30 22:29:42
adaugareUniversitate,2020-04-30 22:29:42
adaugareUniversitate,2020-04-30 22:29:42
getUniversitate,2020-04-30 22:29:42
adaugareFacultate,2020-04-30 22:29:42
getUniversitate,2020-04-30 22:29:42
adaugareFacultate,2020-04-30 22:29:42
getUniversitate,2020-04-30 22:29:42
getFacultate,2020-04-30 22:29:42
adaugareSpecializare,2020-04-30 22:29:42
getUniversitate,2020-04-30 22:29:42
getFacultate,2020-04-30 22:29:42
adaugareSpecializare,2020-04-30 22:29:42
getUniversitate,2020-04-30 22:29:42
getFacultate,2020-04-30 22:29:42
adaugareSpecializare,2020-04-30 22:29:42
getUniversitate,2020-04-30 22:29:42
getFacultate,2020-04-30 22:29:42
getSpecializare,2020-04-30 22:29:42
adaugareCandidat,2020-04-30 22:29:42
getUniversitate,2020-04-30 22:29:42
getFacultate,2020-04-30 22:29:42
getSpecializare,2020-04-30 22:29:42
adaugareCandidat,2020-04-30 22:29:42
getUniversitate,2020-04-30 22:29:42
getFacultate,2020-04-30 22:29:42
getSpecializare,2020-04-30 22:29:42
adaugareCandidat,2020-04-30 22:29:42
getUniversitate,2020-04-30 22:29:42
getFacultate,2020-04-30 22:29:42
getSpecializare,2020-04-30 22:29:42
adaugareCandidat,2020-04-30 22:29:42
getUniversitate,2020-04-30 22:29:42
getFacultate,2020-04-30 22:29:42
getSpecializare,2020-04-30 22:29:42
adaugareCandidat,2020-04-30 22:29:42
getUniversitate,2020-04-30 22:29:42
getFacultate,2020-04-30 22:29:42
getSpecializare,2020-04-30 22:29:42
adaugareCandidat,2020-04-30 22:29:42
getUniversitate,2020-04-30 22:29:42
getFacultate,2020-04-30 22:29:42
getSpecializare,2020-04-30 22:29:42
adaugareCandidat,2020-04-30 22:29:42
afisareUniversitati,2020-04-30 22:29:42
adaugareUniversitate,2020-04-30 22:29:42
getUniversitate,2020-04-30 22:29:42
afisareFacultati,2020-04-30 22:29:42
adaugareFacultate,2020-04-30 22:29:42
getFacultate,2020-04-30 22:29:42
afisareSpecializari,2020-04-30 22:29:42
adaugareSpecializare,2020-04-30 22:29:42
getSpecializare,2020-04-30 22:29:42
afisareCandidatiIF,2020-04-30 22:29:42
adaugareCandidat,2020-04-30 22:29:42
getSpecializare,2020-04-30 22:29:42
afisareCandidatiID,2020-04-30 22:29:42
adaugareCandidat,2020-04-30 22:29:42
getSpecializare,2020-04-30 22:29:42
afisareCandidati2FAC,2020-04-30 22:29:42
adaugareCandidat,2020-04-30 22:29:42
getListaUniversitati,2020-04-30 22:29:42
getListaUniversitati,2020-04-30 22:29:42
getListaFacultati,2020-04-30 22:29:42
getListaFacultati,2020-04-30 22:29:42
getListaFacultati,2020-04-30 22:29:42
getListaFacultati,2020-04-30 22:29:42
getListaUniversitati,2020-04-30 22:29:42
getListaFacultati,2020-04-30 22:29:42
getListaSpecializari,2020-04-30 22:29:42
getListaSpecializari,2020-04-30 22:29:42
getListaFacultati,2020-04-30 22:29:42
getListaSpecializari,2020-04-30 22:29:42
getListaFacultati,2020-04-30 22:29:42
getListaFacultati,2020-04-30 22:29:42
getListaUniversitati,2020-04-30 22:29:42
getListaFacultati,2020-04-30 22:29:42
getListaSpecializari,2020-04-30 22:29:42
getListaCandidatiIF,2020-04-30 22:29:42
getListaCandidatiIF,2020-04-30 22:29:42
getListaCandidatiIF,2020-04-30 22:29:42
getListaSpecializari,2020-04-30 22:29:42
getListaFacultati,2020-04-30 22:29:42
getListaSpecializari,2020-04-30 22:29:42
getListaCandidatiIF,2020-04-30 22:29:42
getListaFacultati,2020-04-30 22:29:42
getListaFacultati,2020-04-30 22:29:42
getListaUniversitati,2020-04-30 22:29:42
getListaFacultati,2020-04-30 22:29:42
getListaSpecializari,2020-04-30 22:29:42
getListaCandidatiID,2020-04-30 22:29:42
getListaCandidatiID,2020-04-30 22:29:42
getListaCandidatiID,2020-04-30 22:29:42
getListaSpecializari,2020-04-30 22:29:42
getListaFacultati,2020-04-30 22:29:42
getListaSpecializari,2020-04-30 22:29:42
getListaCandidatiID,2020-04-30 22:29:42
getListaFacultati,2020-04-30 22:29:42
getListaFacultati,2020-04-30 22:29:42
getListaUniversitati,2020-04-30 22:29:42
getListaFacultati,2020-04-30 22:29:42
getListaSpecializari,2020-04-30 22:29:42
gedListaCandidati2FAC,2020-04-30 22:29:42
gedListaCandidati2FAC,2020-04-30 22:29:42
gedListaCandidati2FAC,2020-04-30 22:29:42
getListaSpecializari,2020-04-30 22:29:42
getListaFacultati,2020-04-30 22:29:42
getListaSpecializari,2020-04-30 22:29:42
gedListaCandidati2FAC,2020-04-30 22:29:42
getListaFacultati,2020-04-30 22:29:42
getListaFacultati,2020-04-30 22:29:42
